{"cameraMode":{"drawMode":0,"name":"Shaded","section":"Shading Mode"},"sceneLighting":false,"audioPlay":false,"sceneViewState":{"m_AlwaysRefresh":false,"showFog":true,"showSkybox":false,"showFlares":true,"showImageEffects":true,"showParticleSystems":true,"showVisualEffectGraphs":true,"m_FxEnabled":true},"in2DMode":false,"pivot":{"x":-2.9802322387695315e-8,"y":0.9999999403953552,"z":0.024914681911468507},"rotation":{"x":0.4983047842979431,"y":0.04184981435537338,"z":-0.024095699191093446,"w":0.8656654357910156},"size":1.1723263263702393,"orthographic":false}